"admin";"Der";"Bibliothekar";"3";"1234";"admin@example.org"
"aggi";"Johannes";"Ackermann";"1";"1234";"ackermaj@dhbw-loerrach.de"
"schnatti";"C";"S";"2";"4321";"schnatti@example.org"
"goebi";"Herr";"G.";"2";"matheisttoll";"goebi@example.org"
"feichti";"S";"F";"2";"jomei";"feichti@example.org"
"groti";"J";"G";"2";"desissaso";"groti@example.org"
"pochi";"Oliver";"Pocher";"1";"ollipochi";"op@example.org"